Year;Author;Title;ID;Report_ID;ID_2;Exp_ID_old;Exp_ID;Treatment_ID;ES_ID;Experience_level;Forest_plot;Result_type;Task_format;Input_form;Include;Speciality;Comparison;Type_of_study;Study_Design;Kind_of_Medical_Field;Medical_Field;LLM_Model;Accessed_model;Model_version;Timestamp_of_model;User_Type;Temperature;Test_Data;Recruitment_Country;Recruitment_Context_of_Physicians;Prior_LLM_training_of_physicians;Control_group_resources;Treatment_group_resources;Number_of_Patient_Cases;Difficulty_of_cases;Pre-training_of_LLM;Average_Length_of_Patient_Cases_Mean_Words;Average_Length_of_Patient_Cases_SD_Words;Case_setting;Task_Format;Patient_history;Input_Form_Patient_Information_in_LLM;Input_Form_Patient_Information_clinician;Task_type_includes_image;Follow_Up_Prompts_Allowed;Average_Number_of_Prompts_Mean;Average_Number_of_Prompts_SD;Division_of_Labor;Time_restrictions;Explanation_Format_of_LLM;Composite_score;Sample_Size;Note;Time_lag_sessions;Type_of_Results;Measure_type;N_total;M_control;n_control_case;n_control_physician;n_control;SE_control;SD_control;95CI_lower_control;95CI_upper_control;M_treatment;n_treatment_case;n_treatment_physician;n_treatment;SE_treatment;SD_treatment;95CI_lower_treatment;95CI_upper_treatment;Performance_Difference;95CI_lower_performance_diff;95CI_upper_performance_diff;Performance_difference_p_value;Odds_Ratio;95CI_lower_odds_ratio;95CI_upper_odds_ratio;McNemar_Test;M_LLM_only;n_LLM_only;SE_LLM_only;SD_LLM_only;CI_95_LLM_only;Synergy;Confidence_Intervals;Time_Taken_for_Decision_Making_Control_MEAN;Time_Taken_for_Decision_Making_Control_SD;Time_Taken_for_Decision_Making_Control_SE;Time_Taken_for_Decision_Making_Treatment_MEAN;Time_Taken_for_Decision_Making_Treatment_SD;Time_Taken_for_Decision_Making_Treatment_SE;Time_Taken_for_Decision_Making_Difference;Time_Taken_for_Decision_Making_CI;Time_Taken_for_Decision_Making_p_value;Trust_or_Confidence_Rating_Control_MEAN;Trust_or_Confidence_Rating_Control_CI;Trust_or_Confidence_Rating_Treatment_MEAN;Trust_or_Confidence_Rating_Treatment_SD;Trust_or_Confidence_Rating_Treatment_Pvalue;Expertise_level;Career_stage;Average_Tenure_in_Job_Years_Mean;Average_Tenure_in_Job_Years_SD;Experience_with_LLMs;Experience_with_LLMs_treatment;;;;;;;;;;;;;;;;;;;;;;;;;;;;;;;;;;;;;;;;;
2025;Everett et al.;From Tool to Teammate: A Randomized Controlled Trial of Clinician-AI Collaborative Workflows for Diagnosis;Everett et al.;Direct access to LLM;1;1;11;1;111;yes;;yes;yes;yes;yes;yes;Group with direct access to LLM;pre-print;RCT;Internal medicine or family medicine;general medicine;GPT-4;NA;NA;NA;physician;;external;United States;University;;1;;;challenging;;NA;NA;Real-world;differential;1;text;;0;Yes;NA;NA;Direct access to LLM;1 hour;differential;yes;70;same physicians with and without AI assistance;;Scoring system;Accuracy;12.00;0.75;6.00;43.00;146.00;NA;NA;NA;NA;0.85;6.00;27.00;108.00;NA;NA;NA;NA;0.10;0.05;0.15;0.00;NA;;;NA;;;;;;;4.7%-15%;NA;NA;NA;NA;NA;NA;;;;NA;;NA;;;specialist;mixed;NA;NA;;;;;;;;;;;;;;;;;;;;;;;;;;;;;;;;;;;;;;;;;;;
2025;Everett et al.;From Tool to Teammate: A Randomized Controlled Trial of Clinician-AI Collaborative Workflows for Diagnosis;Everett et al.;Human pre-work;1;2;12;1;121;yes;;yes;yes;yes;yes;yes;Group with human pre-work;pre-print;RCT;Internal medicine or family medicine;general medicine;GPT-4;NA;NA;NA;physician;;external;United States;University;;1;;;challenging;;NA;NA;Real-world;differential, free text;1;text;;0;Yes;NA;NA;With Human Pre-Work;1 hour;differential;yes;70;same physicians with and without AI assistance;;Scoring system;Accuracy;146.00;0.75;6.00;43.00;146.00;NA;NA;NA;NA;0.82;6.00;43.00;146.00;NA;NA;NA;NA;0.07;0.04;0.10;0.00;;;;;;;;;;;4.0%-9.6%;NA;NA;NA;NA;NA;NA;;;;NA;;NA;;;specialist;mixed;NA;NA;;;;;;;;;;;;;;;;;;;;;;;;;;;;;;;;;;;;;;;;;;;
2024;Goh et al. ;Large Language Model Influence on Diagnostic Reasoning;Goh et al. ;composite;2;1;21;1;211;;;yes;yes;;yes;;Composite Score of the structure reflection tool;peer-reviewed;RCT;general medicine (internal medicine, family medicine, or emergency medicine);general medicine;GPT-4;ChatGPT plus (OpenAI);;NA;physician;;external;United States;(University) Hospitals;;1;;6;moderate;;NA;NA;Real-world;differential, free text;1;text;;0;Yes;NA;NA;Direct access to LLM;;differential;yes;50;;NA (separate groups);Scoring system;Accuracy;244.00;0.73;6.00;25.00;119.00;NA;NA;NA;NA;0.75;6.00;25.00;125.00;NA;NA;NA;NA;0.03;-0.04;0.08;0.60;1.40;0.70;2.80;NA;;;;;;;-4% - 8% of performance difference;565.00;NA;NA;519.00;NA;NA;-82.00;-195 to 31;0.15;NA;;NA;;;generalist;mixed;4;;;;;;;;;;;;;;;;;;;;;;;;;;;;;;;;;;;;;;;;;;;;
2024;Goh et al. ;Large Language Model Influence on Diagnostic Reasoning;Goh et al. ;top-1;2;1;21;2;212;yes;yes;yes;yes;yes;yes;yes;Focus of diagnosis (as part of the structured reflection tool);peer-reviewed;RCT;;general medicine;GPT-4;ChatGPT plus (OpenAI);;NA;physician;;external;United States;(University) Hospitals;;1;;6;moderate;;NA;NA;Real-world;free text;1;text;text;0;Yes;NA;NA;Direct access to LLM;;standard;no;50;;NA (separate groups);top-1;Accuracy;244.00;0.63;6.00;25.00;119.00;NA;NA;NA;NA;0.71;6.00;25.00;125.00;NA;NA;NA;NA;0.08;;;;1.90;0.90;4.00;;;;;;;;;565.00;NA;NA;519.00;NA;NA;-82.00;-195 to 31;NA;NA;;NA;;;generalist;mixed;4;;;;;;;;;;;;;;;;;;;;;;;;;;;;;;;;;;;;;;;;;;;;
2024;Liu et al.;A generalist medical language model for disease diagnosis assistance;Liu et al.;resident in pulmonology;3;1;31;1;311;yes;yes;yes;yes;yes;yes;yes;top-1 accuracy junior in pulmonology;peer-reviewed;AI-assistance study;Pulmonology;general medicine;MedFound (Bloom-176B);MedFound-DX-PA;NA;NA;physician;;tailored data set from Chinese hospitals;China;NA;;NA;;150;challenging;;NA;NA;Real-world;differential, free text;1;text;;0;No;NA;NA;With Human Pre-Work;;CoT;no;3;same physicians with and without AI assistance;2 weeks;top-1;Accuracy;450.00;0.60;150.00;3.00;450.00;NA;0.49;NA;NA;0.72;150.00;3.00;450.00;NA;0.45;NA;NA;0.12;;;NA;NA;;;NA;72.60;;;0.51;;;NA;NA;NA;NA;NA;NA;NA;NA;NA;NA;NA;;NA;;;specialist;resident;NA;NA;NA;;;;;;;;;;;;;;;;;;;;;;;;;;;;;;;;;;;;;;;;;;
2024;Liu et al.;A generalist medical language model for disease diagnosis assistance;Liu et al.;attending in pulmonology;3;2;32;1;321;yes;yes;yes;yes;yes;yes;yes;top-1 accuracy intermediate in pulmonology;peer-reviewed;AI-assistance study;Pulmonology;general medicine;MedFound (Bloom-176B);MedFound-DX-PA;NA;NA;physician;;tailored data set from Chinese hospitals;China;NA;;NA;;150;challenging;;NA;NA;Real-world;differential, free text;1;text;;0;No;NA;NA;With Human Pre-Work;;CoT;no;3;same physicians with and without AI assistance;2 weeks;top-1;Accuracy;450.00;0.68;150.00;3.00;450.00;NA;0.47;NA;NA;0.72;150.00;3.00;450.00;NA;0.45;NA;NA;0.04;;;NA;NA;;;NA;72.60;;;;;;NA;NA;NA;NA;NA;NA;NA;NA;NA;NA;NA;;NA;;;specialist;attending;NA;NA;NA;;;;;;;;;;;;;;;;;;;;;;;;;;;;;;;;;;;;;;;;;;
2024;Liu et al.;A generalist medical language model for disease diagnosis assistance;Liu et al.;resident in endocrinology;3;3;33;1;331;yes;yes;yes;yes;yes;yes;yes;top-1 accuracy junior in endocrinology;peer-reviewed;AI-assistance study;Endocrinology;general medicine;MedFound (Bloom-176B);MedFound-DX-PA;NA;NA;physician;;tailored data set from Chinese hospitals;China;NA;;NA;;150;challenging;;NA;NA;Real-world;differential, free text;1;text;;0;No;NA;NA;With Human Pre-Work;;CoT;no;3;same physicians with and without AI assistance;2 weeks;top-1;Accuracy;450.00;0.69;150.00;3.00;450.00;NA;0.46;NA;NA;0.74;150.00;3.00;450.00;NA;0.44;NA;NA;0.05;;;NA;NA;;;NA;74.70;;;;;;NA;NA;NA;NA;NA;NA;NA;NA;NA;NA;NA;;NA;;;specialist;resident;NA;NA;NA;;;;;;;;;;;;;;;;;;;;;;;;;;;;;;;;;;;;;;;;;;
2024;Liu et al.;A generalist medical language model for disease diagnosis assistance;Liu et al.;attending in endocrinology;3;4;34;1;341;yes;yes;yes;yes;yes;yes;yes;top-1 accuracy intermediate in endocrinology;peer-reviewed;AI-assistance study;Endocrinology;general medicine;MedFound (Bloom-176B);MedFound-DX-PA;NA;NA;physician;;tailored data set from Chinese hospitals;China;NA;;NA;;150;challenging;;NA;NA;Real-world;differential, free text;1;text;;0;No;NA;NA;With Human Pre-Work;;CoT;no;3;same physicians with and without AI assistance;2 weeks;top-1;Accuracy;450.00;0.73;150.00;3.00;450.00;NA;0.45;NA;NA;0.79;150.00;3.00;450.00;NA;0.41;NA;NA;0.06;;;NA;NA;;;NA;74.70;;;;;;NA;NA;NA;NA;NA;NA;NA;NA;NA;NA;NA;;NA;;;specialist;attending;NA;NA;NA;;;;;;;;;;;;;;;;;;;;;;;;;;;;;;;;;;;;;;;;;;
2025;Wu et al.;A large language model improves clinicians’ diagnostic performance in complex critical illness cases;Wu et al.;base;4;1;41;1;411;yes;yes;yes;yes;yes;yes;yes;standard;peer-reviewed;prospective comparative study;critical care;other;DeepSeek-R1;;website version was used, with a total params of 671B, a maximal token length of 128 K, default temperature of 0.6;2025_01;physician;;;;teaching hospitals;;1;;48;challenging;;NA;NA;Real-world (published) cases;differential, free text;1;text;;0;No;0;0;Direct access to LLM;;differential;no;32;;NA (separate groups);top-1;Accuracy;48.00;0.27;48.00;16.00;48.00;NA;NA;0.15;0.40;0.58;48.00;16.00;48.00;NA;NA;0.44;0.73;0.31;;;0.01;;;;;0.60;48.00;NA;NA;0.456-0.729;;;1920.00;"IQR 1320–2640;
95% CI 1710–2370";NA;972.00;"IQR 570–1320; 95% CI 675–1200";NA;NA;NA;NA;NA;;NA;;;;resident;1 to 3 years;NA;NA;;;;;;;;;;;;;;;;;;;;;;;;;;;;;;;;;;;;;;;;;;
2025;Le Guellec et al.;Comparison between multimodal foundation models and radiologists for the diagnosis of challenging neuroradiology cases with text and images;Le Guellec et al.;base;5;1;51;1;511;yes;;yes;yes;yes;yes;yes;standard - only focus on AI-assistance part here!;pre-print;retrospective study / observational study;neuroradiology;radiology;Gemini 1.5 Pro;programming interface;;2024_09;physician;1;unknown;France;academic hospital;;0;;53;;;NA;NA;Real-world (published) cases;differential, free text;1;multimodal (text + image);;1;No;0;0;With Human Pre-Work;;differential, standard;no;3;same physicians with and without AI assistance;;top-3;Accuracy;159.00;0.47;53.00;3.00;159.00;NA;0.50;NA;NA;0.56;53.00;3.00;159.00;NA;0.50;NA;NA;0.09;;;<0.01;NA;;;NA;NA;NA;NA;NA;NA;;NA;NA;NA;NA;NA;NA;NA;NA;NA;NA;2.70;1.00;3.10;0.80;0.02;specialist;attending;7.333333333;2.52;NA;;;;;;;;;;;;;;;;;;;;;;;;;;;;;;;;;;;;;;;;;;
2025;Goh et al. ;"GPT-4 assistance for improvement of
physician performance on patient care tasks:
a randomized controlled trial";Goh et al. ;base;6;1;61;1;611;yes;;yes;yes;yes;yes;yes;standard;peer-reviewed;RCT;general medicine (internal, emergency, family);general medicine;GPT-4;ChatGPT plus (OpenAI);NA;NA;physician;;external;US;(University) Hospitals;1;1;1;5;moderate;NA / 0;NA;NA;Adopted real-world cases;free text;NR;text;text;NA;Yes;NA;NA;Direct access to LLM;1;standard;yes;92;;NA (separate groups);Scoring system;Accuracy;;0.46;5.00;46.00;199.00;NA;0.27;NA;NA;0.57;5.00;46.00;176.00;NA;0.38;NA;NA;0.12;0.31;0.21;0.01;NA;;;NA;;;;;;;;690.20;372.40;NA;801.50;417.20;NA;111.30;17.4 to 221.2;NA;NA;NA;NA;NA;NA;generalist;mixed;7.6;7.1;medium;48%;;;;;;;;;;;;;;;;;;;;;;;;;;;;;;;;;;;;;;;;;
2024;Mukherjee et al.;Evaluation of GPT Large Language Model Performance on RSNA 2023 Case of the Day Questions;Mukherjee et al.;;7;1;71;1;711;;;;;yes;yes;;Sub-group 1: cases with Image + text;peer-reviewed;observer study;radiology;radiology;GPT-4V;ChatGPT plus (OpenAI), web interface;;2023_04;physician;NA;unknown;US;academic medical centers;;1;;62;challenging;;NA;NA;Real-world (published) cases;multiple choice;1;multimodal (text + image);;1;No;NA;NA;With Human Pre-Work;;standard;no;;same physicians with and without AI assistance;;top-1;Accuracy;;0.55;62.00;3.00;186.00;NA;0.50;NA;NA;0.50;62.00;3.00;186.00;NA;0.50;NA;NA;-0.05;;;;NA;;;NA;;;;;;;NA;NA;NA;NA;NA;NA;NA;NA;NA;NA;NA;NA;NA;NA;NA;specialist;attending;;;NA;;;;;;;;;;;;;;;;;;;;;;;;;;;;;;;;;;;;;;;;;;
2024;Mukherjee et al.;Evaluation of GPT Large Language Model Performance on RSNA 2023 Case of the Day Questions;Mukherjee et al.;;7;2;72;1;721;;;;;yes;yes;;Sub-group 1: cases with text only;peer-reviewed;observer study;radiology;radiology;GPT-4V;ChatGPT plus (OpenAI), web interface;;2023_04;physician;NA;unknown;US;academic medical centers;;1;;10;challenging;;NA;NA;Real-world (published) cases;multiple choice;1;text;;0;No;NA;NA;With Human Pre-Work;;standard;no;;same physicians with and without AI assistance;;top-1;Accuracy;;0.73;10.00;3.00;30.00;NA;0.44;NA;NA;0.67;10.00;3.00;30.00;NA;0.47;NA;NA;-0.07;;;;NA;;;NA;;;;;;;NA;NA;NA;NA;NA;NA;NA;NA;NA;NA;NA;NA;NA;NA;NA;specialist;attending;;;NA;;;;;;;;;;;;;;;;;;;;;;;;;;;;;;;;;;;;;;;;;;
2024;Mukherjee et al.;Evaluation of GPT Large Language Model Performance on RSNA 2023 Case of the Day Questions;Mukherjee et al.;;7;3;73;1;731;;;;;yes;yes;;Sub-group 2: cases with Image + text;peer-reviewed;observer study;radiology;radiology;GPT-4V;ChatGPT plus (OpenAI), web interface;;2023_04;physician;NA;unknown;US;academic medical centers;;1;;62;challenging;;NA;NA;Real-world (published) cases;multiple choice;1;multimodal (text + image);;1;No;NA;NA;With Human Pre-Work;;standard;no;;same physicians with and without AI assistance;;top-1;Accuracy;;0.56;62.00;3.00;186.00;NA;0.50;NA;NA;0.55;62.00;3.00;186.00;NA;0.50;NA;NA;-0.01;;;;NA;;;NA;;;;;;;NA;NA;NA;NA;NA;NA;NA;NA;NA;NA;NA;NA;NA;NA;NA;specialist;resident;1.666666667;0.41;NA;;;;;;;;;;;;;;;;;;;;;;;;;;;;;;;;;;;;;;;;;;
2024;Mukherjee et al.;Evaluation of GPT Large Language Model Performance on RSNA 2023 Case of the Day Questions;Mukherjee et al.;;7;4;74;1;741;;;;;yes;yes;;Sub-group 2: cases with text only;peer-reviewed;observer study;radiology;radiology;GPT-4V;ChatGPT plus (OpenAI), web interface;;2023_04;physician;NA;unknown;US;academic medical centers;;1;;10;challenging;;NA;NA;Real-world (published) cases;multiple choice;1;text;;0;No;NA;NA;With Human Pre-Work;;standard;no;;same physicians with and without AI assistance;;top-1;Accuracy;;0.63;10.00;3.00;30.00;NA;0.48;NA;NA;0.77;10.00;3.00;30.00;NA;0.42;NA;NA;0.13;;;;NA;;;NA;;;;;;;NA;NA;NA;NA;NA;NA;NA;NA;NA;NA;NA;NA;NA;NA;NA;specialist;resident;1.666666667;0.41;NA;;;;;;;;;;;;;;;;;;;;;;;;;;;;;;;;;;;;;;;;;;
2025;Weuthen et al.;Comparison of ChatGPT and Internet Research for Clinical Research and Decision-Making in Occupational Medicine: Randomized Controlled Trial;Weuthen et al.;base;8;1;81;1;811;yes;yes;yes;yes;yes;yes;yes;standard;peer-reviewed;RCT;occupational medicine;general medicine;GPT-4;ChatGPT;0125-preview;;Students and physicians;NA;unknown;Germany;University and hospital;;1;;1;;;NA;NA;Adopted real-world cases;free text;0;text;;0;Yes;NA;NA;Direct access to LLM;;standard;no;15;different groups, but all groups solving the same sample;;top-1;Accuracy;32.00;0.40;1.00;14.00;14.00;NA;0.49;NA;NA;0.50;1.00;18.00;18.00;NA;0.50;NA;NA;0.10;;;0.69;NA;0.18;3.06;NA;NA;NA;NA;NA;NA;0.00;NA;NA;NA;NA;NA;NA;NA;NA;NA;NA;NA;NA;NA;NA;NA;generalist;mixed;NA;NA;NA;;;;;;;;;;;;;;;;;;;;;;;;;;;;;;;;;;;;;;;;;;
2025;Kim et al. ;Human-AI Collaboration in Large Language Model-Assisted Brain MRI Differential Diagnosis: A Usability Study;Kim et al. ;top-3;9;1;91;1;911;;;yes;;;yes;;top-3 accuracy;peer-reviewed;usability study;radiology;radiology;GPT-4;Perplexity AI;NA;NA;physician;NA;unknown;Germany;University hospital;1;1;1;40;;1;NA;NA;Real-world;differential, free text;1;multimodal (text + image);;1;Yes;2.12;1.56;Direct access to LLM;;differential;no;6;same people solve cases with and without LLM assistance but cases vary, i.e. , different cases used for LLM assistance than without;;top-3;Accuracy;114.00;0.46;40.00;6.00;114.00;NA;0.50;NA;NA;0.61;40.00;6.00;114.00;NA;0.49;NA;NA;0.15;;;0.03;NA;;;NA;NA;NA;NA;NA;NA;1.00;NA;430.20;209.40;NA;442.80;201.00;NA;12.60;NA;0.64;median: 3.0;NA;median: 3.0;NA;NA;specialist;resident;0.5;;low;;;;;;;;;;;;;;;;;;;;;;;;;;;;;;;;;;;;;;;;;;
2025;Kim et al. ;Human-AI Collaboration in Large Language Model-Assisted Brain MRI Differential Diagnosis: A Usability Study;Kim et al. ;top-1;9;1;91;2;912;yes;yes;yes;yes;yes;yes;yes;top-1 accuracy;peer-reviewed;usability study;radiology;radiology;GPT-4;Perplexity AI;NA;NA;physician;NA;unknown;Germany;University hospital;1;1;1;40;;1;NA;NA;Real-world;differential, free text;1;multimodal (text + image);;1;Yes;2.12;1.56;Direct access to LLM;;differential;no;6;same people solve cases with and without LLM assistance but cases vary, i.e. , different cases used for LLM assistance than without;;top-1;Accuracy;114.00;0.35;40.00;6.00;114.00;NA;0.48;NA;NA;0.48;40.00;6.00;114.00;NA;0.50;NA;NA;0.13;;;0.03;NA;;;NA;NA;NA;NA;NA;NA;1.00;NA;430.20;209.40;NA;442.80;201.00;NA;12.60;NA;0.64;median: 3.0;NA;median: 3.0;NA;NA;specialist;resident;0.5;;low;;;;;;;;;;;;;;;;;;;;;;;;;;;;;;;;;;;;;;;;;;
2024;Siepmann et al. ;The virtual reference radiologist: comprehensive AI assistance for clinical image reading and interpretation;Siepmann et al. ;;10;1;101;1;1011;;;;;;yes;;Sub-Group 1: top-3 accuracy, <1 year experience;peer-reviewed;retrospective study;radiology;radiology;GPT-4;ChatGPT;;2024_05;;NA;external;Germany;NA;1;0;0;40;moderate;;NA;NA;Real-world;differential, free text;0;multimodal (text + image);;1;Yes;NA;NA;With Human Pre-Work;0;differential, standard;no;2;same people solve SAME cases with and without LLM assistance, time delay of 0-18 days inbetween;;top-3;Accuracy;80.00;0.60;40.00;2.00;80.00;NA;0.49;NA;NA;0.69;40.00;2.00;80.00;NA;0.46;NA;NA;0.09;;;NA;NA;;;NA;NA;NA;NA;NA;NA;;NA;NA;NA;NA;NA;NA;NA;NA;NA;NA;NA;NA;NA;NA;NA;specialist;resident;<1 year;NA;NA;;;;;;;;;;;;;;;;;;;;;;;;;;;;;;;;;;;;;;;;;;
2024;Siepmann et al. ;The virtual reference radiologist: comprehensive AI assistance for clinical image reading and interpretation;Siepmann et al. ;;10;2;102;1;1021;;;;;;yes;;Sub-Group 1: top-3 accuracy, 1-4 years experience;peer-reviewed;retrospective study;radiology;radiology;GPT-4;ChatGPT;;2024_05;;NA;external;Germany;NA;1;0;0;40;moderate;;NA;NA;Real-world;differential, free text;0;multimodal (text + image);;1;Yes;NA;NA;With Human Pre-Work;0;differential, standard;no;2;same people solve SAME cases with and without LLM assistance, time delay of 0-18 days inbetween;;top-3;Accuracy;80.00;0.79;40.00;2.00;80.00;NA;0.41;NA;NA;0.78;40.00;2.00;80.00;NA;0.42;NA;NA;-0.01;;;NA;NA;;;NA;NA;NA;NA;NA;NA;;NA;NA;NA;NA;NA;NA;NA;NA;NA;NA;NA;NA;NA;NA;NA;specialist;resident;1-4 years;NA;NA;;;;;;;;;;;;;;;;;;;;;;;;;;;;;;;;;;;;;;;;;;
2024;Siepmann et al. ;The virtual reference radiologist: comprehensive AI assistance for clinical image reading and interpretation;Siepmann et al. ;;10;3;103;1;1031;;;;;;yes;;Sub-Group 1: top-3 accuracy, >4 years experience;peer-reviewed;retrospective study;radiology;radiology;GPT-4;ChatGPT;;2024_05;;NA;external;Germany;NA;1;0;0;40;moderate;;NA;NA;Real-world;differential, free text;0;multimodal (text + image);;1;Yes;NA;NA;With Human Pre-Work;0;differential, standard;no;2;same people solve SAME cases with and without LLM assistance, time delay of 0-18 days inbetween;;top-3;Accuracy;80.00;0.88;40.00;2.00;80.00;NA;0.33;NA;NA;0.89;40.00;2.00;80.00;NA;0.32;NA;NA;0.01;;;NA;NA;;;NA;NA;NA;NA;NA;NA;;NA;NA;NA;NA;NA;NA;NA;NA;NA;NA;NA;NA;NA;NA;NA;specialist;resident;>4 years;NA;NA;;;;;;;;;;;;;;;;;;;;;;;;;;;;;;;;;;;;;;;;;;
2024;Siepmann et al. ;The virtual reference radiologist: comprehensive AI assistance for clinical image reading and interpretation;Siepmann et al. ;;10;1;101;2;1012;;;;;;yes;;Sub-Group 2: top-1 accuracy, <1 year experience;peer-reviewed;retrospective study;radiology;radiology;GPT-4;ChatGPT;;2024_05;;NA;external;Germany;NA;1;0;0;40;moderate;;NA;NA;Real-world;differential, free text;0;multimodal (text + image);;1;Yes;NA;NA;With Human Pre-Work;0;differential, standard;no;2;same people solve SAME cases with and without LLM assistance, time delay of 0-18 days inbetween;;top-1;Accuracy;80.00;0.49;40.00;2.00;80.00;NA;0.50;NA;NA;0.59;40.00;2.00;80.00;NA;0.49;NA;NA;0.10;;;NA;NA;;;NA;NA;NA;NA;NA;NA;;NA;NA;NA;NA;NA;NA;NA;NA;NA;NA;NA;NA;NA;NA;NA;specialist;resident;<1 year;NA;NA;;;;;;;;;;;;;;;;;;;;;;;;;;;;;;;;;;;;;;;;;;
2024;Siepmann et al. ;The virtual reference radiologist: comprehensive AI assistance for clinical image reading and interpretation;Siepmann et al. ;;10;2;102;2;1022;;;;;;yes;;Sub-Group 2: top-1 accuracy, 1-4 years experience;peer-reviewed;retrospective study;radiology;radiology;GPT-4;ChatGPT;;2024_05;;NA;external;Germany;NA;1;0;0;40;moderate;;NA;NA;Real-world;differential, free text;0;multimodal (text + image);;1;Yes;NA;NA;With Human Pre-Work;0;differential, standard;no;2;same people solve SAME cases with and without LLM assistance, time delay of 0-18 days inbetween;;top-1;Accuracy;80.00;0.65;40.00;2.00;80.00;NA;0.48;NA;NA;0.66;40.00;2.00;80.00;NA;0.47;NA;NA;0.01;;;NA;NA;;;NA;NA;NA;NA;NA;NA;;NA;NA;NA;NA;NA;NA;NA;NA;NA;NA;NA;NA;NA;NA;NA;specialist;resident;1-4 years;NA;NA;;;;;;;;;;;;;;;;;;;;;;;;;;;;;;;;;;;;;;;;;;
2024;Siepmann et al. ;The virtual reference radiologist: comprehensive AI assistance for clinical image reading and interpretation;Siepmann et al. ;;10;3;103;2;1032;;;;;;yes;;Sub-Group 2: top-1 accuracy, >4 years experience;peer-reviewed;retrospective study;radiology;radiology;GPT-4;ChatGPT;;2024_05;;NA;external;Germany;NA;1;0;0;40;moderate;;NA;NA;Real-world;differential, free text;0;multimodal (text + image);;1;Yes;NA;NA;With Human Pre-Work;0;differential, standard;no;2;same people solve SAME cases with and without LLM assistance, time delay of 0-18 days inbetween;;top-1;Accuracy;80.00;0.79;40.00;2.00;80.00;NA;0.41;NA;NA;0.79;40.00;2.00;80.00;NA;0.41;NA;NA;0.00;;;NA;NA;;;NA;NA;NA;NA;NA;NA;;NA;NA;NA;NA;NA;NA;NA;NA;NA;NA;NA;NA;NA;NA;NA;specialist;resident;>4 years;NA;NA;;;;;;;;;;;;;;;;;;;;;;;;;;;;;;;;;;;;;;;;;;
2025;McDuff et al. ;Towards accurate differential diagnosis with large language models;McDuff et al. ;;11;1;111;1;1111;;;yes;;;yes;yes;Sub-Group 1: internal medicine specialty, top-10 result;peer-reviewed;randomized study (RCT?);internal medicine;general medicine;PaLM 2;AMIE;NA;NA;physician;0.5;external;United States;Hospital?;0;0;1;159;challenging;1;NA;NA;Real-world (published) cases;differential, free text;1;text;multimodal (text + image + table);1;Yes;2.92;NA;With Human Pre-Work;NA;differential, standard;no;20;no assistance comparison;;top-10;Accuracy;159.00;0.35;159.00;20.00;318.00;;0.48;NA;NA;0.53;159.00;10.00;159.00;;0.50;NA;NA;0.37;;;;NA;;;NA;;;;;;;;NA;NA;NA;NA;NA;NA;NA;NA;NA;NA;NA;NA;NA;NA;generalist;attending;11.5;7.24;no - used AMIE for the first time;no - used AMIE for the first time;;;;;;;;;;;;;;;;;;;;;;;;;;;;;;;;;;;;;;;;;
2025;McDuff et al. ;Towards accurate differential diagnosis with large language models;McDuff et al. ;;11;1;111;2;1112;;;yes;;;yes;yes;Sub-Group 1: internal medicine specialty, top-1 result;peer-reviewed;randomized study (RCT?);internal medicine;general medicine;PaLM 2;AMIE;NA;NA;physician;0.5;external;United States;Hospital?;0;0;1;159;challenging;1;NA;NA;Real-world (published) cases;differential, free text;1;text;multimodal (text + image + table);1;Yes;2.92;NA;With Human Pre-Work;NA;differential, standard;no;20;no assistance comparison;;top-1;Accuracy;159.00;0.16;159.00;20.00;318.00;;0.36;NA;NA;0.25;159.00;10.00;159.00;;0.43;NA;NA;0.07;;;;NA;;;NA;;;;;;;;NA;NA;NA;NA;NA;NA;NA;NA;NA;NA;NA;NA;NA;NA;generalist;attending;11.5;7.24;no - used AMIE for the first time;no - used AMIE for the first time;;;;;;;;;;;;;;;;;;;;;;;;;;;;;;;;;;;;;;;;;
2025;McDuff et al. ;Towards accurate differential diagnosis with large language models;McDuff et al. ;;11;2;112;1;1121;;;yes;;;yes;yes;Sub-Group 2: neurology specialty, top-10 result;peer-reviewed;randomized study (RCT?);neurology;other;PaLM 2;AMIE;NA;NA;physician;0.5;external;United States;Hospital?;0;0;1;42;challenging;1;NA;NA;Real-world (published) cases;differential, free text;1;text;multimodal (text + image + table);1;Yes;2.92;NA;With Human Pre-Work;NA;differential, standard;no;20;no assistance comparison;;top-10;Accuracy;42.00;0.32;42.00;20.00;84.00;;0.47;NA;NA;0.51;42.00;10.00;42.00;;0.50;NA;NA;0.20;;;;NA;;;NA;;;;;;;;NA;NA;NA;NA;NA;NA;NA;NA;NA;NA;NA;NA;NA;NA;generalist;attending;11.5;7.24;no - used AMIE for the first time;no - used AMIE for the first time;;;;;;;;;;;;;;;;;;;;;;;;;;;;;;;;;;;;;;;;;
2025;McDuff et al. ;Towards accurate differential diagnosis with large language models;McDuff et al. ;;11;2;112;2;1122;;;yes;;;yes;yes;Sub-Group 2: neurology specialty, top-1 result;peer-reviewed;randomized study (RCT?);neurology;other;PaLM 2;AMIE;NA;NA;physician;0.5;external;United States;Hospital?;0;0;1;42;challenging;1;NA;NA;Real-world (published) cases;differential, free text;1;text;multimodal (text + image + table);1;Yes;2.92;NA;With Human Pre-Work;NA;differential, standard;no;20;no assistance comparison;;top-1;Accuracy;42.00;0.17;42.00;20.00;84.00;;0.38;NA;NA;0.24;42.00;10.00;42.00;;0.43;NA;NA;0.07;;;;NA;;;NA;;;;;;;;NA;NA;NA;NA;NA;NA;NA;NA;NA;NA;NA;NA;NA;NA;generalist;attending;11.5;7.24;no - used AMIE for the first time;no - used AMIE for the first time;;;;;;;;;;;;;;;;;;;;;;;;;;;;;;;;;;;;;;;;;
2025;McDuff et al. ;Towards accurate differential diagnosis with large language models;McDuff et al. ;;11;3;113;1;1131;;;yes;;;yes;yes;Sub-Group 3: paediatrics specialty, top-10 result;peer-reviewed;randomized study (RCT?);paediatrics;other;PaLM 2;AMIE;NA;NA;physician;0.5;external;United States;Hospital?;0;0;1;33;challenging;1;NA;NA;Real-world (published) cases;differential, free text;1;text;multimodal (text + image + table);1;Yes;2.92;NA;With Human Pre-Work;NA;differential, standard;no;20;no assistance comparison;;top-10;Accuracy;33.00;0.23;33.00;20.00;66.00;;0.42;NA;NA;0.30;33.00;10.00;33.00;;0.46;NA;NA;0.08;;;;NA;;;NA;;;;;;;;NA;NA;NA;NA;NA;NA;NA;NA;NA;NA;NA;NA;NA;NA;generalist;attending;11.5;7.24;no - used AMIE for the first time;no - used AMIE for the first time;;;;;;;;;;;;;;;;;;;;;;;;;;;;;;;;;;;;;;;;;
2025;McDuff et al. ;Towards accurate differential diagnosis with large language models;McDuff et al. ;;11;3;113;2;1132;;;yes;;;yes;yes;Sub-Group 3: paediatrics specialty, top-1 result;peer-reviewed;randomized study (RCT?);paediatrics;other;PaLM 2;AMIE;NA;NA;physician;0.5;external;United States;Hospital?;0;0;1;33;challenging;1;NA;NA;Real-world (published) cases;differential, free text;1;text;multimodal (text + image + table);1;Yes;2.92;NA;With Human Pre-Work;NA;differential, standard;no;20;no assistance comparison;;top-1;Accuracy;33.00;0.06;33.00;20.00;66.00;;0.24;NA;NA;0.15;33.00;10.00;33.00;;0.36;NA;NA;0.09;;;;NA;;;NA;;;;;;;;NA;NA;NA;NA;NA;NA;NA;NA;NA;NA;NA;NA;NA;NA;generalist;attending;11.5;7.24;no - used AMIE for the first time;no - used AMIE for the first time;;;;;;;;;;;;;;;;;;;;;;;;;;;;;;;;;;;;;;;;;
2025;McDuff et al. ;Towards accurate differential diagnosis with large language models;McDuff et al. ;;11;4;114;1;1141;;;yes;;;yes;yes;Sub-Group 4: psychiatry specialty, top-10 result;peer-reviewed;randomized study (RCT?);psychiatry;other;PaLM 2;AMIE;NA;NA;physician;0.5;external;United States;Hospital?;0;0;1;10;challenging;1;NA;NA;Real-world (published) cases;differential, free text;1;text;multimodal (text + image + table);1;Yes;2.92;NA;With Human Pre-Work;NA;differential, standard;no;20;no assistance comparison;;top-10;Accuracy;10.00;0.50;10.00;20.00;20.00;;0.50;NA;NA;0.60;10.00;10.00;10.00;;0.49;NA;NA;0.10;;;;NA;;;NA;;;;;;;;NA;NA;NA;NA;NA;NA;NA;NA;NA;NA;NA;NA;NA;NA;generalist;attending;11.5;7.24;no - used AMIE for the first time;no - used AMIE for the first time;;;;;;;;;;;;;;;;;;;;;;;;;;;;;;;;;;;;;;;;;
2025;McDuff et al. ;Towards accurate differential diagnosis with large language models;McDuff et al. ;;11;4;114;2;1142;;;yes;;;yes;yes;Sub-Group 4: psychiatry specialty, top-1 result;peer-reviewed;randomized study (RCT?);psychiatry;other;PaLM 2;AMIE;NA;NA;physician;0.5;external;United States;Hospital?;0;0;1;10;challenging;1;NA;NA;Real-world (published) cases;differential, free text;1;text;multimodal (text + image + table);1;Yes;2.92;NA;With Human Pre-Work;NA;differential, standard;no;20;no assistance comparison;;top-1;Accuracy;10.00;0.20;10.00;20.00;20.00;;0.40;NA;NA;0.30;10.00;10.00;10.00;;0.46;NA;NA;0.10;;;;NA;;;NA;;;;;;;;NA;NA;NA;NA;NA;NA;NA;NA;NA;NA;NA;NA;NA;NA;generalist;attending;11.5;7.24;no - used AMIE for the first time;no - used AMIE for the first time;;;;;;;;;;;;;;;;;;;;;;;;;;;;;;;;;;;;;;;;;
2025;Sheng et al. ;Large Language Models for Diagnosing Focal Liver Lesions From CT/MRI Reports: A Comparative Study With Radiologists;Sheng et al. ;top-3 resident;12;1;121;1;1211;;;yes;;;yes;yes;Group 1: top-3 results, physicians with 2-3 years of experience;peer-reviewed;retrospective study;radiology;radiology;GPT-4o;ChatGPT;NA;"single-step: 2025_02;
two-step: 2024_06";physician;NA;external;China;University hospital;0;1;1;228;moderate;;NA;NA;Real-world;differential;1;text;multimodal (text + image);;No;NA;NA;With Human Pre-Work;NA;differential;no;6;same physicians with and without AI assistance;;top-3;Accuracy;684.00;0.89;228.00;3.00;684.00;;0.31;NA;NA;0.89;228.00;3.00;684.00;;0.31;NA;NA;0.00;;;NA;NA;;;NA;0.87;228.00;;;0.818–0.909;;;NA;NA;NA;NA;NA;NA;NA;NA;NA;NA;NA;NA;NA;NA;specialist;resident;2-3 years experience;NA;NA;;;;;;;;;;;;;;;;;;;;;;;;;;;;;;;;;;;;;;;;;;
2025;Sheng et al. ;Large Language Models for Diagnosing Focal Liver Lesions From CT/MRI Reports: A Comparative Study With Radiologists;Sheng et al. ;top-1 resident;12;1;121;2;1212;yes;yes;yes;yes;yes;yes;yes;Group 1: top-1 results, physicians with 2-3 years of experience;peer-reviewed;retrospective study;radiology;radiology;GPT-4o;ChatGPT;NA;"single-step: 2025_02;
two-step: 2024_06";physician;NA;external;China;University hospital;0;1;1;228;moderate;;NA;NA;Real-world;differential;1;text;multimodal (text + image);;No;NA;NA;With Human Pre-Work;NA;differential;no;6;same physicians with and without AI assistance;;top-1;Accuracy;684.00;0.80;228.00;3.00;684.00;;0.40;NA;NA;0.81;228.00;3.00;684.00;;0.39;NA;NA;0.00;;;NA;NA;;;NA;0.79;228.00;;;0.731–0.841;;;NA;NA;NA;NA;NA;NA;NA;NA;NA;NA;NA;NA;NA;NA;specialist;resident;2-3 years experience;NA;NA;;;;;;;;;;;;;;;;;;;;;;;;;;;;;;;;;;;;;;;;;;
2025;Sheng et al. ;Large Language Models for Diagnosing Focal Liver Lesions From CT/MRI Reports: A Comparative Study With Radiologists;Sheng et al. ;top-3 attending;12;2;122;1;1221;;;yes;;;yes;yes;Group 2: top-3 results, physicians with 7-10 years of experience;peer-reviewed;retrospective study;radiology;radiology;GPT-4o;ChatGPT;NA;"single-step: 2025_02;
two-step: 2024_06";physician;NA;external;China;University hospital;0;1;1;228;moderate;;NA;NA;Real-world;differential;1;text;multimodal (text + image);;No;NA;NA;With Human Pre-Work;NA;differential;no;6;same physicians with and without AI assistance;;top-3;Accuracy;684.00;0.92;228.00;3.00;684.00;;0.27;NA;NA;0.92;228.00;3.00;684.00;;0.27;NA;NA;0.00;;;NA;NA;;;NA;0.87;228.00;;;0.818–0.909;;;NA;NA;NA;NA;NA;NA;NA;NA;NA;NA;NA;NA;NA;NA;specialist;attending;7-10 years;NA;NA;;;;;;;;;;;;;;;;;;;;;;;;;;;;;;;;;;;;;;;;;;
2025;Sheng et al. ;Large Language Models for Diagnosing Focal Liver Lesions From CT/MRI Reports: A Comparative Study With Radiologists;Sheng et al. ;top-1 attending;12;2;122;2;1222;yes;yes;yes;yes;yes;yes;yes;Group 2: top-1 results, physicians with 7-10 years of experience;peer-reviewed;retrospective study;radiology;radiology;GPT-4o;ChatGPT;NA;"single-step: 2025_02;
two-step: 2024_06";physician;NA;external;China;University hospital;0;1;1;228;moderate;;NA;NA;Real-world;differential;1;text;multimodal (text + image);;No;NA;NA;With Human Pre-Work;NA;differential;no;6;same physicians with and without AI assistance;;top-1;Accuracy;684.00;0.85;228.00;3.00;684.00;;0.35;NA;NA;0.85;228.00;3.00;684.00;;0.35;NA;NA;0.00;;;NA;NA;;;NA;0.79;228.00;;;0.731–0.841;;;NA;NA;NA;NA;NA;NA;NA;NA;NA;NA;NA;NA;NA;NA;specialist;attending;7-10 years;NA;NA;;;;;;;;;;;;;;;;;;;;;;;;;;;;;;;;;;;;;;;;;;
2024;Cesur et al.;Empowering Radiologists with ChatGPT-4o: Comparative Evaluation of Large Language Models and Radiologists in Cardiac Cases ;Cesur et al.;top-1;13;1;131;1;1311;yes;yes;yes;yes;yes;yes;yes;top-1 results with text + image as input;pre-print;cross-sectional observational study;radiology;radiology;GPT-4o;ChatGPT;NA;NA;physician;NA;unknown;Türkiye;Hospital;0;NA;NA;80;;0;NA;NA;Real-world (published) cases;differential, free text;1;text;multimodal (text + image);0;No;NA;NA;With Human Pre-Work;NA;differential;no;3;same physisicans evaluate cases with and without LLM Assistance;;top-1;Accuracy;240.00;0.59;80.00;3.00;240.00;NA;0.49;NA;NA;0.71;80.00;3.00;240.00;NA;0.45;NA;NA;0.12;;;;;;;;0.68;80.00;NA;NA;NA;;NA;NA;NA;NA;NA;NA;NA;NA;NA;NA;NA;NA;NA;NA;NA;specialist;attending;9; 5.20 ;NA;;;;;;;;;;;;;;;;;;;;;;;;;;;;;;;;;;;;;;;;;;
2024;Cesur et al.;Empowering Radiologists with ChatGPT-4o: Comparative Evaluation of Large Language Models and Radiologists in Cardiac Cases ;Cesur et al.;top-1;13;2;132;1;1321;yes;yes;yes;yes;yes;yes;yes;top-1 results with only text input;pre-print;cross-sectional observational study;radiology;radiology;GPT-4o;ChatGPT;NA;NA;physician;NA;unknown;Türkiye;Hospital;0;NA;NA;80;;0;NA;NA;Real-world (published) cases;differential, free text;1;text;text;0;No;NA;NA;With Human Pre-Work;NA;differential;no;1;same physisicans evaluate cases with and without LLM Assistance;;top-1;Accuracy;80.00;0.49;80.00;1.00;80.00;NA;0.50;NA;NA;0.64;80.00;1.00;80.00;NA;0.48;NA;NA;0.15;;;;;;;;0.68;80.00;NA;NA;NA;1.00;NA;NA;NA;NA;NA;NA;NA;NA;NA;NA;NA;NA;NA;NA;NA;specialist;attending;9;NA;NA;;;;;;;;;;;;;;;;;;;;;;;;;;;;;;;;;;;;;;;;;;
2025;Spitzer et al.;The effect of medical explanations from large language models on diagnostic decisions in radiology;Spitzer et al.;top-1 standard;14;1;141;1;1411;yes;yes;yes;yes;yes;yes;yes;"Explanation format of LLM: ""standard""";pre-print;randomized experiment (RCT?);radiology (incl. Subspecializations);radiology;GPT-4;Microsoft Azure;2024-384 02-15-preview;;researcher;0.7;unknown;United States;Hospital (recruited via MSI-ACI);0;1;1;20;;1;55.4;18.8;Real-world (published) cases;free text;1;multimodal (text + image);multimodal (text + image);1;No;NA;NA;Direct access to LLM;no;standard;no;101;;NA;top-1;Accuracy;2020.00;0.62;20.00;24.00;480.00;0.02;;NA;NA;0.67;20.00;24.00;480.00;0.03;;NA;NA;0.05;-0.02;0.12;0.15;;;;;0.75;20.00;;;NA;;NA;79.37;NA;30.65;92.49;NA;43.34;13.12;95% CI = [?73.2, 99.4];0.76;NA;NA;NA;NA;NA;mixed;attending;13.621;7.981;medium, high;medium, high;;;;;;;;;;;;;;;;;;;;;;;;;;;;;;;;;;;;;;;;;
2025;Spitzer et al.;The effect of medical explanations from large language models on diagnostic decisions in radiology;Spitzer et al.;top-1 differential;14;2;142;1;1421;yes;yes;yes;yes;yes;yes;yes;"Explanation format of LLM: ""differential"" (top-1 result)";pre-print;randomized experiment (RCT?);radiology (incl. Subspecializations);radiology;GPT-4;Microsoft Azure;2024-384 02-15-preview;;researcher;0.7;unknown;United States;Hospital (recruited via MSI-ACI);0;1;1;20;;1;55.4;18.8;Real-world (published) cases;differential;1;multimodal (text + image);multimodal (text + image);1;No;NA;NA;Direct access to LLM;no;differential;no;101;;NA;top-1;Accuracy;;0.62;20.00;24.00;480.00;0.02;;NA;NA;0.64;20.00;30.00;600.00;0.03;;NA;NA;0.03;-0.04;0.09;0.45;;;;;0.65;20.00;;;NA;;NA;79.37;NA;30.65;147.70;NA;43.34;68.33;95% CI = [?18.0, 154.7];0.12;NA;NA;NA;NA;NA;mixed;attending;13.621;7.981;medium, high;medium, high;;;;;;;;;;;;;;;;;;;;;;;;;;;;;;;;;;;;;;;;;
2025;Spitzer et al.;The effect of medical explanations from large language models on diagnostic decisions in radiology;Spitzer et al.;top-1 CoT;14;3;143;1;1431;yes;yes;yes;yes;yes;yes;yes;"Explanation format of LLM: ""CoT""";pre-print;randomized experiment (RCT?);radiology (incl. Subspecializations);radiology;GPT-4;Microsoft Azure;2024-384 02-15-preview;;researcher;0.7;unknown;United States;Hospital (recruited via MSI-ACI);0;1;1;20;;1;55.4;18.8;Real-world (published) cases;free text;1;multimodal (text + image);multimodal (text + image);1;No;NA;NA;Direct access to LLM;no;CoT;no;101;;NA;top-1;Accuracy;;0.62;20.00;24.00;480.00;0.02;;NA;NA;0.74;20.00;23.00;460.00;0.04;;NA;NA;0.12;;;"95% CI =
136 [5.3, 19.2], P = 0.001";;;;;0.80;20.00;;;NA;;NA;79.37;NA;30.65;137.19;NA;43.34;57.83;95% CI = [?28.5, 144.2];0.19;NA;NA;NA;NA;NA;mixed;attending;13.621;7.981;medium, high;medium, high;;;;;;;;;;;;;;;;;;;;;;;;;;;;;;;;;;;;;;;;;
2025;Qazi et al.;AI-literacy training enhances physician-LLM diagnostic collaboration in a resource-limited setting: a randomized controlled trial;Qazi et al.;composite;15;1;151;1;1511;;;yes;yes;;yes;yes;standard - hier ist der Composite Score genutzt;pre-print;RCT;general medicine;general medicine;GPT-4o;ChatGPT;NA;NA;;NA;external;Pakistan;Hospital (?);1;1;1;6;moderate;0;NA;NA;Adopted real-world cases;differential, free text;1;text;text;0;Yes;6.3;2.3;Direct access to LLM;yes (75 min);differential;yes;6;different groups;NA;Scoring system;Accuracy;342.00;0.43;6.00;29.00;170.00;NA;0.23;NA;NA;0.72;6.00;29.00;172.00;NA;0.22;NA;NA;0.29;;;NA;NA;;;NA;0.83;6?;NA;0.10;NA;1.00;NA;635.00;289.20;NA;603.80;294.60;NA;-31.20;NA;NA;NA;NA;NA;NA;NA;mixed;attending;8.4;5.7;medium;;;;;;;;;;;;;;;;;;;;;;;;;;;;;;;;;;;;;;;;;;
2025;Qazi et al.;AI-literacy training enhances physician-LLM diagnostic collaboration in a resource-limited setting: a randomized controlled trial;Qazi et al.;top-3;15;1;151;2;1512;yes;;yes;yes;yes;yes;yes;hier sind nur die Daten für Diagnostic genutzt, i.e., ein Teil des Scores;pre-print;RCT;general medicine;general medicine;GPT-4o;ChatGPT;NA;NA;physician;NA;external;Pakistan;Hospital (?);1;1;1;6;moderate;0;NA;NA;Adopted real-world cases;free text;1;text;text;0;Yes;6.3;2.3;Direct access to LLM;yes (75 min);standard;no;6;different groups;NA;top-3;Accuracy;342.00;0.46;6.00;29.00;170.00;NA;0.47;NA;NA;0.81;6.00;29.00;172.00;NA;0.37;NA;NA;0.34;;;NA;NA;;;NA;NA;NA;NA;NA;NA;1.00;NA;NA;NA;NA;NA;NA;NA;NA;NA;NA;NA;NA;NA;NA;NA;mixed;attending;8.4;5.7;medium;;;;;;;;;;;;;;;;;;;;;;;;;;;;;;;;;;;;;;;;;;
;;;;;;;;;;;;;;;;;;;;;;;;;;;;;;;;;;;;;;;;;;;;;;;;;;;;;;;;;;;;;;;;;;;;;;;;;;;;;;;;;;;;;;;;;;;;;;;;;;;;;;;;;;;;;;;;;;;;;;;;;;;;;;;;;;;;;;;;;;;;;;;;;;;;;
;;;;;;;;;;;;;;;;;;;;;;;;;;;;;;;;;;;;;;;;;;;;;;;;;;;;;;;;;;;;;;;;;;;;;;;;;;;;;;;;;;;;;;;;;;;;;;;;;;;;;;;;;;;;;;;;;;;;;;;;;;;;;;;;;;;;;;;;;;;;;;;;;;;;;
;;;;;;;;;;;;;;;;;;;;;;;;;;;;;;;;;;;;;;;;;;;;;;;;;;;;;;;;;;;;;;;;;;;;;;;;;;;;;;;;;;;;;;;;;;;;;;;;;;;;;;;;;;;;;;;;;;;;;;;;;;;;;;;;;;;;;;;;;;;;;;;;;;;;;
